CCI,SRGID,STIGID,SRG Requirement,Requirement,SRG VulDiscussion,VulDiscussion,Status,SRG Check,Check,SRG Fix,Fix,Severity,Mitigation,Artifact Description,Status Justification
CCI-000016,SRG-OS-000002-GPOS-00002,TBD - Assigned by DISA after STIG release,The operating system must automatically remove or disable temporary user accounts after 72 hours.,,,,,,,,,,,,
CCI-000018,SRG-OS-000004-GPOS-00004,TBD - Assigned by DISA after STIG release,The operating system must audit all account creations.,,,,,,,,,,,,
CCI-000018,SRG-OS-000004-GPOS-00004,TBD - Assigned by DISA after STIG release,The operating system must audit all account creations.,,,,,,,,,,,,
CCI-000044,SRG-OS-000021-GPOS-00005,TBD - Assigned by DISA after STIG release,The operating system must enforce the limit of three consecutive invalid logon attempts by a user during a 15-minute time period.,,,,,,,,,,,,
CCI-000044,SRG-OS-000021-GPOS-00005,TBD - Assigned by DISA after STIG release,The operating system must enforce the limit of three consecutive invalid logon attempts by a user during a 15-minute time period.,,,,,,,,,,,,
CCI-000044,SRG-OS-000021-GPOS-00005,TBD - Assigned by DISA after STIG release,The operating system must enforce the limit of three consecutive invalid logon attempts by a user during a 15-minute time period.,,,,,,,,,,,,
CCI-000048,SRG-OS-000023-GPOS-00006,TBD - Assigned by DISA after STIG release,The operating system must display the Standard Mandatory DoD Notice and Consent Banner before granting local or remote access to the system.,,,,,,,,,,,,
CCI-000048,SRG-OS-000023-GPOS-00006,TBD - Assigned by DISA after STIG release,The operating system must display the Standard Mandatory DoD Notice and Consent Banner before granting local or remote access to the system.,,,,,,,,,,,,
CCI-000048,SRG-OS-000023-GPOS-00006,TBD - Assigned by DISA after STIG release,The operating system must display the Standard Mandatory DoD Notice and Consent Banner before granting local or remote access to the system.,,,,,,,,,,,,
CCI-000366,SRG-OS-000480-GPOS-00229,TBD - Assigned by DISA after STIG release,The operating system must not allow an unattended or automatic logon to the system.,,,,,,,,,,,,
CCI-000366,SRG-OS-000480-GPOS-00229,TBD - Assigned by DISA after STIG release,The operating system must not allow an unattended or automatic logon to the system.,,,,,,,,,,,,
CCI-000366,SRG-OS-000480-GPOS-00228,TBD - Assigned by DISA after STIG release,The operating system must define default permissions for all authenticated users in such a way that the user can only read and modify their own files.,,,,,,,,,,,,
CCI-000366,SRG-OS-000480-GPOS-00228,TBD - Assigned by DISA after STIG release,The operating system must define default permissions for all authenticated users in such a way that the user can only read and modify their own files.,,,,,,,,,,,,
CCI-000366,SRG-OS-000480-GPOS-00228,TBD - Assigned by DISA after STIG release,The operating system must define default permissions for all authenticated users in such a way that the user can only read and modify their own files.,,,,,,,,,,,,
CCI-000366,SRG-OS-000480-GPOS-00227,TBD - Assigned by DISA after STIG release,"The operating system must be configured in accordance with the security configuration settings based on DoD security configuration or implementation guidance, including STIGs, NSA configuration guides, CTOs, and DTMs.",,,,,,,,,,,,
CCI-000366,SRG-OS-000480-GPOS-00227,TBD - Assigned by DISA after STIG release,"The operating system must be configured in accordance with the security configuration settings based on DoD security configuration or implementation guidance, including STIGs, NSA configuration guides, CTOs, and DTMs.",,,,,,,,,,,,
CCI-000366,SRG-OS-000480-GPOS-00227,TBD - Assigned by DISA after STIG release,"The operating system must be configured in accordance with the security configuration settings based on DoD security configuration or implementation guidance, including STIGs, NSA configuration guides, CTOs, and DTMs.",,,,,,,,,,,,
CCI-000366,SRG-OS-000480-GPOS-00227,TBD - Assigned by DISA after STIG release,"The operating system must be configured in accordance with the security configuration settings based on DoD security configuration or implementation guidance, including STIGs, NSA configuration guides, CTOs, and DTMs.",,,,,,,,,,,,
CCI-000366,SRG-OS-000480-GPOS-00227,TBD - Assigned by DISA after STIG release,"The operating system must be configured in accordance with the security configuration settings based on DoD security configuration or implementation guidance, including STIGs, NSA configuration guides, CTOs, and DTMs.",,,,,,,,,,,,
CCI-000366,SRG-OS-000480-GPOS-00227,TBD - Assigned by DISA after STIG release,"The operating system must be configured in accordance with the security configuration settings based on DoD security configuration or implementation guidance, including STIGs, NSA configuration guides, CTOs, and DTMs.",,,,,,,,,,,,
CCI-000366,SRG-OS-000480-GPOS-00227,TBD - Assigned by DISA after STIG release,"The operating system must be configured in accordance with the security configuration settings based on DoD security configuration or implementation guidance, including STIGs, NSA configuration guides, CTOs, and DTMs.",,,,,,,,,,,,
CCI-000366,SRG-OS-000480-GPOS-00227,TBD - Assigned by DISA after STIG release,"The operating system must be configured in accordance with the security configuration settings based on DoD security configuration or implementation guidance, including STIGs, NSA configuration guides, CTOs, and DTMs.",,,,,,,,,,,,
CCI-000366,SRG-OS-000480-GPOS-00227,TBD - Assigned by DISA after STIG release,"The operating system must be configured in accordance with the security configuration settings based on DoD security configuration or implementation guidance, including STIGs, NSA configuration guides, CTOs, and DTMs.",,,,,,,,,,,,
CCI-000366,SRG-OS-000480-GPOS-00227,TBD - Assigned by DISA after STIG release,"The operating system must be configured in accordance with the security configuration settings based on DoD security configuration or implementation guidance, including STIGs, NSA configuration guides, CTOs, and DTMs.",,,,,,,,,,,,
CCI-000366,SRG-OS-000480-GPOS-00227,TBD - Assigned by DISA after STIG release,"The operating system must be configured in accordance with the security configuration settings based on DoD security configuration or implementation guidance, including STIGs, NSA configuration guides, CTOs, and DTMs.",,,,,,,,,,,,
CCI-000366,SRG-OS-000480-GPOS-00227,TBD - Assigned by DISA after STIG release,"The operating system must be configured in accordance with the security configuration settings based on DoD security configuration or implementation guidance, including STIGs, NSA configuration guides, CTOs, and DTMs.",,,,,,,,,,,,
CCI-000366,SRG-OS-000480-GPOS-00227,TBD - Assigned by DISA after STIG release,"The operating system must be configured in accordance with the security configuration settings based on DoD security configuration or implementation guidance, including STIGs, NSA configuration guides, CTOs, and DTMs.",,,,,,,,,,,,
CCI-000366,SRG-OS-000480-GPOS-00227,TBD - Assigned by DISA after STIG release,"The operating system must be configured in accordance with the security configuration settings based on DoD security configuration or implementation guidance, including STIGs, NSA configuration guides, CTOs, and DTMs.",,,,,,,,,,,,
CCI-000366,SRG-OS-000480-GPOS-00227,TBD - Assigned by DISA after STIG release,"The operating system must be configured in accordance with the security configuration settings based on DoD security configuration or implementation guidance, including STIGs, NSA configuration guides, CTOs, and DTMs.",,,,,,,,,,,,
CCI-000366,SRG-OS-000480-GPOS-00227,TBD - Assigned by DISA after STIG release,"The operating system must be configured in accordance with the security configuration settings based on DoD security configuration or implementation guidance, including STIGs, NSA configuration guides, CTOs, and DTMs.",,,,,,,,,,,,
CCI-000366,SRG-OS-000480-GPOS-00227,TBD - Assigned by DISA after STIG release,"The operating system must be configured in accordance with the security configuration settings based on DoD security configuration or implementation guidance, including STIGs, NSA configuration guides, CTOs, and DTMs.",,,,,,,,,,,,
CCI-000366,SRG-OS-000480-GPOS-00227,TBD - Assigned by DISA after STIG release,"The operating system must be configured in accordance with the security configuration settings based on DoD security configuration or implementation guidance, including STIGs, NSA configuration guides, CTOs, and DTMs.",,,,,,,,,,,,
CCI-000366,SRG-OS-000480-GPOS-00227,TBD - Assigned by DISA after STIG release,"The operating system must be configured in accordance with the security configuration settings based on DoD security configuration or implementation guidance, including STIGs, NSA configuration guides, CTOs, and DTMs.",,,,,,,,,,,,
CCI-000366,SRG-OS-000480-GPOS-00227,TBD - Assigned by DISA after STIG release,"The operating system must be configured in accordance with the security configuration settings based on DoD security configuration or implementation guidance, including STIGs, NSA configuration guides, CTOs, and DTMs.",,,,,,,,,,,,
CCI-000366,SRG-OS-000480-GPOS-00227,TBD - Assigned by DISA after STIG release,"The operating system must be configured in accordance with the security configuration settings based on DoD security configuration or implementation guidance, including STIGs, NSA configuration guides, CTOs, and DTMs.",,,,,,,,,,,,
CCI-000366,SRG-OS-000480-GPOS-00227,TBD - Assigned by DISA after STIG release,"The operating system must be configured in accordance with the security configuration settings based on DoD security configuration or implementation guidance, including STIGs, NSA configuration guides, CTOs, and DTMs.",,,,,,,,,,,,
CCI-000366,SRG-OS-000480-GPOS-00227,TBD - Assigned by DISA after STIG release,"The operating system must be configured in accordance with the security configuration settings based on DoD security configuration or implementation guidance, including STIGs, NSA configuration guides, CTOs, and DTMs.",,,,,,,,,,,,
CCI-000366,SRG-OS-000480-GPOS-00227,TBD - Assigned by DISA after STIG release,"The operating system must be configured in accordance with the security configuration settings based on DoD security configuration or implementation guidance, including STIGs, NSA configuration guides, CTOs, and DTMs.",,,,,,,,,,,,
CCI-000366,SRG-OS-000480-GPOS-00227,TBD - Assigned by DISA after STIG release,"The operating system must be configured in accordance with the security configuration settings based on DoD security configuration or implementation guidance, including STIGs, NSA configuration guides, CTOs, and DTMs.",,,,,,,,,,,,
CCI-000366,SRG-OS-000480-GPOS-00227,TBD - Assigned by DISA after STIG release,"The operating system must be configured in accordance with the security configuration settings based on DoD security configuration or implementation guidance, including STIGs, NSA configuration guides, CTOs, and DTMs.",,,,,,,,,,,,
CCI-000366,SRG-OS-000480-GPOS-00227,TBD - Assigned by DISA after STIG release,"The operating system must be configured in accordance with the security configuration settings based on DoD security configuration or implementation guidance, including STIGs, NSA configuration guides, CTOs, and DTMs.",,,,,,,,,,,,
CCI-000366,SRG-OS-000480-GPOS-00227,TBD - Assigned by DISA after STIG release,"The operating system must be configured in accordance with the security configuration settings based on DoD security configuration or implementation guidance, including STIGs, NSA configuration guides, CTOs, and DTMs.",,,,,,,,,,,,
CCI-000366,SRG-OS-000480-GPOS-00227,TBD - Assigned by DISA after STIG release,"The operating system must be configured in accordance with the security configuration settings based on DoD security configuration or implementation guidance, including STIGs, NSA configuration guides, CTOs, and DTMs.",,,,,,,,,,,,
CCI-000366,SRG-OS-000480-GPOS-00227,TBD - Assigned by DISA after STIG release,"The operating system must be configured in accordance with the security configuration settings based on DoD security configuration or implementation guidance, including STIGs, NSA configuration guides, CTOs, and DTMs.",,,,,,,,,,,,
CCI-000366,SRG-OS-000480-GPOS-00227,TBD - Assigned by DISA after STIG release,"The operating system must be configured in accordance with the security configuration settings based on DoD security configuration or implementation guidance, including STIGs, NSA configuration guides, CTOs, and DTMs.",,,,,,,,,,,,
CCI-000366,SRG-OS-000480-GPOS-00227,TBD - Assigned by DISA after STIG release,"The operating system must be configured in accordance with the security configuration settings based on DoD security configuration or implementation guidance, including STIGs, NSA configuration guides, CTOs, and DTMs.",,,,,,,,,,,,
CCI-000366,SRG-OS-000480-GPOS-00227,TBD - Assigned by DISA after STIG release,"The operating system must be configured in accordance with the security configuration settings based on DoD security configuration or implementation guidance, including STIGs, NSA configuration guides, CTOs, and DTMs.",,,,,,,,,,,,
CCI-000366,SRG-OS-000480-GPOS-00227,TBD - Assigned by DISA after STIG release,"The operating system must be configured in accordance with the security configuration settings based on DoD security configuration or implementation guidance, including STIGs, NSA configuration guides, CTOs, and DTMs.",,,,,,,,,,,,
CCI-000366,SRG-OS-000480-GPOS-00227,TBD - Assigned by DISA after STIG release,"The operating system must be configured in accordance with the security configuration settings based on DoD security configuration or implementation guidance, including STIGs, NSA configuration guides, CTOs, and DTMs.",,,,,,,,,,,,
CCI-000366,SRG-OS-000480-GPOS-00227,TBD - Assigned by DISA after STIG release,"The operating system must be configured in accordance with the security configuration settings based on DoD security configuration or implementation guidance, including STIGs, NSA configuration guides, CTOs, and DTMs.",,,,,,,,,,,,
CCI-000366,SRG-OS-000480-GPOS-00227,TBD - Assigned by DISA after STIG release,"The operating system must be configured in accordance with the security configuration settings based on DoD security configuration or implementation guidance, including STIGs, NSA configuration guides, CTOs, and DTMs.",,,,,,,,,,,,
CCI-000366,SRG-OS-000480-GPOS-00227,TBD - Assigned by DISA after STIG release,"The operating system must be configured in accordance with the security configuration settings based on DoD security configuration or implementation guidance, including STIGs, NSA configuration guides, CTOs, and DTMs.",,,,,,,,,,,,
CCI-000366,SRG-OS-000480-GPOS-00227,TBD - Assigned by DISA after STIG release,"The operating system must be configured in accordance with the security configuration settings based on DoD security configuration or implementation guidance, including STIGs, NSA configuration guides, CTOs, and DTMs.",,,,,,,,,,,,
CCI-000366,SRG-OS-000480-GPOS-00227,TBD - Assigned by DISA after STIG release,"The operating system must be configured in accordance with the security configuration settings based on DoD security configuration or implementation guidance, including STIGs, NSA configuration guides, CTOs, and DTMs.",,,,,,,,,,,,
CCI-000366,SRG-OS-000480-GPOS-00227,TBD - Assigned by DISA after STIG release,"The operating system must be configured in accordance with the security configuration settings based on DoD security configuration or implementation guidance, including STIGs, NSA configuration guides, CTOs, and DTMs.",,,,,,,,,,,,
CCI-000366,SRG-OS-000480-GPOS-00227,TBD - Assigned by DISA after STIG release,"The operating system must be configured in accordance with the security configuration settings based on DoD security configuration or implementation guidance, including STIGs, NSA configuration guides, CTOs, and DTMs.",,,,,,,,,,,,
CCI-000366,SRG-OS-000480-GPOS-00227,TBD - Assigned by DISA after STIG release,"The operating system must be configured in accordance with the security configuration settings based on DoD security configuration or implementation guidance, including STIGs, NSA configuration guides, CTOs, and DTMs.",,,,,,,,,,,,
CCI-000366,SRG-OS-000480-GPOS-00227,TBD - Assigned by DISA after STIG release,"The operating system must be configured in accordance with the security configuration settings based on DoD security configuration or implementation guidance, including STIGs, NSA configuration guides, CTOs, and DTMs.",,,,,,,,,,,,
CCI-000366,SRG-OS-000480-GPOS-00227,TBD - Assigned by DISA after STIG release,"The operating system must be configured in accordance with the security configuration settings based on DoD security configuration or implementation guidance, including STIGs, NSA configuration guides, CTOs, and DTMs.",,,,,,,,,,,,
CCI-000366,SRG-OS-000480-GPOS-00227,TBD - Assigned by DISA after STIG release,"The operating system must be configured in accordance with the security configuration settings based on DoD security configuration or implementation guidance, including STIGs, NSA configuration guides, CTOs, and DTMs.",,,,,,,,,,,,
CCI-000366,SRG-OS-000480-GPOS-00227,TBD - Assigned by DISA after STIG release,"The operating system must be configured in accordance with the security configuration settings based on DoD security configuration or implementation guidance, including STIGs, NSA configuration guides, CTOs, and DTMs.",,,,,,,,,,,,
CCI-000366,SRG-OS-000480-GPOS-00227,TBD - Assigned by DISA after STIG release,"The operating system must be configured in accordance with the security configuration settings based on DoD security configuration or implementation guidance, including STIGs, NSA configuration guides, CTOs, and DTMs.",,,,,,,,,,,,
CCI-000366,SRG-OS-000480-GPOS-00227,TBD - Assigned by DISA after STIG release,"The operating system must be configured in accordance with the security configuration settings based on DoD security configuration or implementation guidance, including STIGs, NSA configuration guides, CTOs, and DTMs.",,,,,,,,,,,,
CCI-000366,SRG-OS-000480-GPOS-00227,TBD - Assigned by DISA after STIG release,"The operating system must be configured in accordance with the security configuration settings based on DoD security configuration or implementation guidance, including STIGs, NSA configuration guides, CTOs, and DTMs.",,,,,,,,,,,,
CCI-000366,SRG-OS-000480-GPOS-00227,TBD - Assigned by DISA after STIG release,"The operating system must be configured in accordance with the security configuration settings based on DoD security configuration or implementation guidance, including STIGs, NSA configuration guides, CTOs, and DTMs.",,,,,,,,,,,,
CCI-000366,SRG-OS-000480-GPOS-00227,TBD - Assigned by DISA after STIG release,"The operating system must be configured in accordance with the security configuration settings based on DoD security configuration or implementation guidance, including STIGs, NSA configuration guides, CTOs, and DTMs.",,,,,,,,,,,,
CCI-000366,SRG-OS-000480-GPOS-00227,TBD - Assigned by DISA after STIG release,"The operating system must be configured in accordance with the security configuration settings based on DoD security configuration or implementation guidance, including STIGs, NSA configuration guides, CTOs, and DTMs.",,,,,,,,,,,,
CCI-000366,SRG-OS-000480-GPOS-00227,TBD - Assigned by DISA after STIG release,"The operating system must be configured in accordance with the security configuration settings based on DoD security configuration or implementation guidance, including STIGs, NSA configuration guides, CTOs, and DTMs.",,,,,,,,,,,,
CCI-000366,SRG-OS-000480-GPOS-00227,TBD - Assigned by DISA after STIG release,"The operating system must be configured in accordance with the security configuration settings based on DoD security configuration or implementation guidance, including STIGs, NSA configuration guides, CTOs, and DTMs.",,,,,,,,,,,,
CCI-000366,SRG-OS-000480-GPOS-00227,TBD - Assigned by DISA after STIG release,"The operating system must be configured in accordance with the security configuration settings based on DoD security configuration or implementation guidance, including STIGs, NSA configuration guides, CTOs, and DTMs.",,,,,,,,,,,,
CCI-000050,SRG-OS-000024-GPOS-00007,TBD - Assigned by DISA after STIG release,The operating system must display the Standard Mandatory DoD Notice and Consent Banner until users acknowledge the usage conditions and take explicit actions to log on for further access.,,,,,,,,,,,,
CCI-000050,SRG-OS-000024-GPOS-00007,TBD - Assigned by DISA after STIG release,The operating system must display the Standard Mandatory DoD Notice and Consent Banner until users acknowledge the usage conditions and take explicit actions to log on for further access.,,,,,,,,,,,,
CCI-000050,SRG-OS-000024-GPOS-00007,TBD - Assigned by DISA after STIG release,The operating system must display the Standard Mandatory DoD Notice and Consent Banner until users acknowledge the usage conditions and take explicit actions to log on for further access.,,,,,,,,,,,,
CCI-001851,SRG-OS-000479-GPOS-00224,TBD - Assigned by DISA after STIG release,"The operating system must, at a minimum, off-load audit data from interconnected systems in real time and off-load audit data from standalone systems weekly.",,,,,,,,,,,,
CCI-001851,SRG-OS-000479-GPOS-00224,TBD - Assigned by DISA after STIG release,"The operating system must, at a minimum, off-load audit data from interconnected systems in real time and off-load audit data from standalone systems weekly.",,,,,,,,,,,,
CCI-002450,SRG-OS-000478-GPOS-00223,TBD - Assigned by DISA after STIG release,"The operating system must implement NIST FIPS-validated cryptography for the following: to provision digital signatures, to generate cryptographic hashes, and to protect unclassified information requiring confidentiality and cryptographic protection in accordance with applicable federal laws, Executive Orders, directives, policies, regulations, and standards.",,,,,,,,,,,,
CCI-002450,SRG-OS-000478-GPOS-00223,TBD - Assigned by DISA after STIG release,"The operating system must implement NIST FIPS-validated cryptography for the following: to provision digital signatures, to generate cryptographic hashes, and to protect unclassified information requiring confidentiality and cryptographic protection in accordance with applicable federal laws, Executive Orders, directives, policies, regulations, and standards.",,,,,,,,,,,,
CCI-000172,SRG-OS-000477-GPOS-00222,TBD - Assigned by DISA after STIG release,"The operating system must generate audit records for all kernel module load, unload, and restart actions, and also for all program initiations.",,,,,,,,,,,,
CCI-000172,SRG-OS-000476-GPOS-00221,TBD - Assigned by DISA after STIG release,"The operating system must generate audit records for all account creations, modifications, disabling, and termination events.",,,,,,,,,,,,
CCI-000172,SRG-OS-000476-GPOS-00221,TBD - Assigned by DISA after STIG release,"The operating system must generate audit records for all account creations, modifications, disabling, and termination events.",,,,,,,,,,,,
CCI-000172,SRG-OS-000475-GPOS-00220,TBD - Assigned by DISA after STIG release,The operating system must generate audit records for all direct access to the information system.,,,,,,,,,,,,
CCI-000172,SRG-OS-000474-GPOS-00219,TBD - Assigned by DISA after STIG release,The operating system must generate audit records when successful/unsuccessful accesses to objects occur.,,,,,,,,,,,,
CCI-000172,SRG-OS-000472-GPOS-00217,TBD - Assigned by DISA after STIG release,The operating system must generate audit records showing starting and ending time for user access to the system.,,,,,,,,,,,,
CCI-000172,SRG-OS-000471-GPOS-00216,TBD - Assigned by DISA after STIG release,The audit system must be configured to audit the loading and unloading of dynamic kernel modules.,,,,,,,,,,,,
CCI-000172,SRG-OS-000471-GPOS-00215,TBD - Assigned by DISA after STIG release,The operating system must generate audit records for privileged activities or other system-level access.,,,,,,,,,,,,
CCI-000172,SRG-OS-000470-GPOS-00214,TBD - Assigned by DISA after STIG release,The operating system must generate audit records when successful/unsuccessful logon attempts occur.,,,,,,,,,,,,
CCI-000172,SRG-OS-000468-GPOS-00212,TBD - Assigned by DISA after STIG release,The operating system must generate audit records when successful/unsuccessful attempts to delete security objects occur.,,,,,,,,,,,,
CCI-000172,SRG-OS-000467-GPOS-00211,TBD - Assigned by DISA after STIG release,The operating system must generate audit records when successful/unsuccessful attempts to delete security levels occur.,,,,,,,,,,,,
CCI-000172,SRG-OS-000466-GPOS-00210,TBD - Assigned by DISA after STIG release,The operating system must generate audit records when successful/unsuccessful attempts to delete privileges occur.,,,,,,,,,,,,
CCI-000172,SRG-OS-000465-GPOS-00209,TBD - Assigned by DISA after STIG release,"The operating system must generate audit records when successful/unsuccessful attempts to modify categories of information (e.g., classification levels) occur.",,,,,,,,,,,,
CCI-000054,SRG-OS-000027-GPOS-00008,TBD - Assigned by DISA after STIG release,The operating system must limit the number of concurrent sessions to ten for all accounts and/or account types.,,,,,,,,,,,,
CCI-000056,SRG-OS-000028-GPOS-00009,TBD - Assigned by DISA after STIG release,The operating system must retain a users session lock until that user reestablishes access using established identification and authentication procedures.,,,,,,,,,,,,
CCI-000057,SRG-OS-000029-GPOS-00010,TBD - Assigned by DISA after STIG release,The operating system must initiate a session lock after a 15-minute period of inactivity for all connection types.,,,,,,,,,,,,
CCI-000058,SRG-OS-000030-GPOS-00011,TBD - Assigned by DISA after STIG release,The operating system must provide the capability for users to directly initiate a session lock for all connection types.,,,,,,,,,,,,
CCI-000060,SRG-OS-000031-GPOS-00012,TBD - Assigned by DISA after STIG release,"The operating system must conceal, via the session lock, information previously visible on the display with a publicly viewable image.",,,,,,,,,,,,
CCI-000068,SRG-OS-000033-GPOS-00014,TBD - Assigned by DISA after STIG release,The operating system must implement DoD-approved encryption to protect the confidentiality of remote access sessions.,,,,,,,,,,,,
CCI-000172,SRG-OS-000463-GPOS-00207,TBD - Assigned by DISA after STIG release,The operating system must generate audit records when successful/unsuccessful attempts to modify security objects occur.,,,,,,,,,,,,
CCI-000172,SRG-OS-000462-GPOS-00206,TBD - Assigned by DISA after STIG release,The operating system must generate audit records when successful/unsuccessful attempts to modify privileges occur.,,,,,,,,,,,,
CCI-000130,SRG-OS-000037-GPOS-00015,TBD - Assigned by DISA after STIG release,The operating system must produce audit records containing information to establish what type of events occurred.,,,,,,,,,,,,
CCI-000131,SRG-OS-000038-GPOS-00016,TBD - Assigned by DISA after STIG release,The operating system must produce audit records containing information to establish when (date and time) the events occurred.,,,,,,,,,,,,
CCI-000132,SRG-OS-000039-GPOS-00017,TBD - Assigned by DISA after STIG release,The operating system must produce audit records containing information to establish where the events occurred.,,,,,,,,,,,,
CCI-000132,SRG-OS-000039-GPOS-00017,TBD - Assigned by DISA after STIG release,The operating system must produce audit records containing information to establish where the events occurred.,,,,,,,,,,,,
CCI-000133,SRG-OS-000040-GPOS-00018,TBD - Assigned by DISA after STIG release,The operating system must produce audit records containing information to establish the source of the events.,,,,,,,,,,,,
CCI-000135,SRG-OS-000042-GPOS-00021,TBD - Assigned by DISA after STIG release,The operating system must produce audit records containing the individual identities of group account users.,,,,,,,,,,,,
CCI-000154,SRG-OS-000051-GPOS-00024,TBD - Assigned by DISA after STIG release,The operating system must provide the capability to centrally review and analyze audit records from multiple components within the system.,,,,,,,,,,,,
CCI-000154,SRG-OS-000051-GPOS-00024,TBD - Assigned by DISA after STIG release,The operating system must provide the capability to centrally review and analyze audit records from multiple components within the system.,,,,,,,,,,,,
CCI-000169,SRG-OS-000062-GPOS-00031,TBD - Assigned by DISA after STIG release,The operating system must provide audit record generation capability for DoD-defined auditable events for all operating system components.,,,,,,,,,,,,
CCI-000169,SRG-OS-000062-GPOS-00031,TBD - Assigned by DISA after STIG release,The operating system must provide audit record generation capability for DoD-defined auditable events for all operating system components.,,,,,,,,,,,,
CCI-000172,SRG-OS-000064-GPOS-00033,TBD - Assigned by DISA after STIG release,The operating system must generate audit records when successful/unsuccessful attempts to access privileges occur.,,,,,,,,,,,,
CCI-000192,SRG-OS-000069-GPOS-00037,TBD - Assigned by DISA after STIG release,The operating system must enforce password complexity by requiring that at least one upper-case character be used.,,,,,,,,,,,,
CCI-000193,SRG-OS-000070-GPOS-00038,TBD - Assigned by DISA after STIG release,The operating system must enforce password complexity by requiring that at least one lower-case character be used.,,,,,,,,,,,,
CCI-000194,SRG-OS-000071-GPOS-00039,TBD - Assigned by DISA after STIG release,The operating system must enforce password complexity by requiring that at least one numeric character be used.,,,,,,,,,,,,
CCI-000195,SRG-OS-000072-GPOS-00040,TBD - Assigned by DISA after STIG release,The operating system must require the change of at least 50% of the total number of characters when passwords are changed.,,,,,,,,,,,,
CCI-000195,SRG-OS-000072-GPOS-00040,TBD - Assigned by DISA after STIG release,The operating system must require the change of at least 50% of the total number of characters when passwords are changed.,,,,,,,,,,,,
CCI-000195,SRG-OS-000072-GPOS-00040,TBD - Assigned by DISA after STIG release,The operating system must require the change of at least 50% of the total number of characters when passwords are changed.,,,,,,,,,,,,
CCI-000198,SRG-OS-000075-GPOS-00043,TBD - Assigned by DISA after STIG release,Operating systems must enforce 24 hours/1 day as the minimum password lifetime.,,,,,,,,,,,,
CCI-000199,SRG-OS-000076-GPOS-00044,TBD - Assigned by DISA after STIG release,Operating systems must enforce a 60-day maximum password lifetime restriction.,,,,,,,,,,,,
CCI-000200,SRG-OS-000077-GPOS-00045,TBD - Assigned by DISA after STIG release,The operating system must prohibit password reuse for a minimum of five generations.,,,,,,,,,,,,
CCI-000172,SRG-OS-000461-GPOS-00205,TBD - Assigned by DISA after STIG release,"The operating system must generate audit records when successful/unsuccessful attempts to access categories of information (e.g., classification levels) occur.",,,,,,,,,,,,
CCI-000172,SRG-OS-000458-GPOS-00203,TBD - Assigned by DISA after STIG release,The operating system must generate audit records when successful/unsuccessful attempts to access security objects occur.,,,,,,,,,,,,
CCI-002696,SRG-OS-000445-GPOS-00199,TBD - Assigned by DISA after STIG release,The operating system must verify correct operation of all security functions.,,,,,,,,,,,,
CCI-002696,SRG-OS-000445-GPOS-00199,TBD - Assigned by DISA after STIG release,The operating system must verify correct operation of all security functions.,,,,,,,,,,,,
CCI-002696,SRG-OS-000445-GPOS-00199,TBD - Assigned by DISA after STIG release,The operating system must verify correct operation of all security functions.,,,,,,,,,,,,
CCI-002617,SRG-OS-000437-GPOS-00194,TBD - Assigned by DISA after STIG release,The operating system must remove all software components after updated versions have been installed.,,,,,,,,,,,,
CCI-002824,SRG-OS-000433-GPOS-00193,TBD - Assigned by DISA after STIG release,The operating system must implement address space layout randomization to protect its memory from unauthorized code execution.,,,,,,,,,,,,
CCI-002824,SRG-OS-000433-GPOS-00192,TBD - Assigned by DISA after STIG release,The operating system must implement non-executable data to protect its memory from unauthorized code execution.,,,,,,,,,,,,
CCI-002422,SRG-OS-000426-GPOS-00190,TBD - Assigned by DISA after STIG release,The operating system must maintain the confidentiality and integrity of information during reception.,,,,,,,,,,,,
CCI-002418,SRG-OS-000423-GPOS-00187,TBD - Assigned by DISA after STIG release,The operating system must protect the confidentiality and integrity of transmitted information.,,,,,,,,,,,,
CCI-002385,SRG-OS-000420-GPOS-00186,TBD - Assigned by DISA after STIG release,The operating system must protect against or limit the effects of Denial of Service (DoS) attacks by ensuring the operating system is implementing rate-limiting measures on impacted network interfaces.,,,,,,,,,,,,
CCI-002476,SRG-OS-000405-GPOS-00184,TBD - Assigned by DISA after STIG release,The operating system must implement cryptographic mechanisms to prevent unauthorized disclosure of all information at rest on all operating system components.,,,,,,,,,,,,
CCI-002475,SRG-OS-000404-GPOS-00183,TBD - Assigned by DISA after STIG release,The operating system must implement cryptographic mechanisms to prevent unauthorized modification of all information at rest on all operating system components.,,,,,,,,,,,,
CCI-000205,SRG-OS-000078-GPOS-00046,TBD - Assigned by DISA after STIG release,The operating system must enforce a minimum 15-character password length.,,,,,,,,,,,,
CCI-000205,SRG-OS-000078-GPOS-00046,TBD - Assigned by DISA after STIG release,The operating system must enforce a minimum 15-character password length.,,,,,,,,,,,,
CCI-000213,SRG-OS-000080-GPOS-00048,TBD - Assigned by DISA after STIG release,The operating system must enforce approved authorizations for logical access to information and system resources in accordance with applicable access control policies.,,,,,,,,,,,,
CCI-000213,SRG-OS-000080-GPOS-00048,TBD - Assigned by DISA after STIG release,The operating system must enforce approved authorizations for logical access to information and system resources in accordance with applicable access control policies.,,,,,,,,,,,,
CCI-000381,SRG-OS-000095-GPOS-00049,TBD - Assigned by DISA after STIG release,The operating system must be configured to disable non-essential capabilities.,,,,,,,,,,,,
CCI-000381,SRG-OS-000095-GPOS-00049,TBD - Assigned by DISA after STIG release,The operating system must be configured to disable non-essential capabilities.,,,,,,,,,,,,
CCI-000381,SRG-OS-000095-GPOS-00049,TBD - Assigned by DISA after STIG release,The operating system must be configured to disable non-essential capabilities.,,,,,,,,,,,,
CCI-000381,SRG-OS-000095-GPOS-00049,TBD - Assigned by DISA after STIG release,The operating system must be configured to disable non-essential capabilities.,,,,,,,,,,,,
CCI-000381,SRG-OS-000095-GPOS-00049,TBD - Assigned by DISA after STIG release,The operating system must be configured to disable non-essential capabilities.,,,,,,,,,,,,
CCI-000381,SRG-OS-000095-GPOS-00049,TBD - Assigned by DISA after STIG release,The operating system must be configured to disable non-essential capabilities.,,,,,,,,,,,,
CCI-000381,SRG-OS-000095-GPOS-00049,TBD - Assigned by DISA after STIG release,The operating system must be configured to disable non-essential capabilities.,,,,,,,,,,,,
CCI-000381,SRG-OS-000095-GPOS-00049,TBD - Assigned by DISA after STIG release,The operating system must be configured to disable non-essential capabilities.,,,,,,,,,,,,
CCI-000381,SRG-OS-000095-GPOS-00049,TBD - Assigned by DISA after STIG release,The operating system must be configured to disable non-essential capabilities.,,,,,,,,,,,,
CCI-000381,SRG-OS-000095-GPOS-00049,TBD - Assigned by DISA after STIG release,The operating system must be configured to disable non-essential capabilities.,,,,,,,,,,,,
CCI-000381,SRG-OS-000095-GPOS-00049,TBD - Assigned by DISA after STIG release,The operating system must be configured to disable non-essential capabilities.,,,,,,,,,,,,
CCI-000381,SRG-OS-000095-GPOS-00049,TBD - Assigned by DISA after STIG release,The operating system must be configured to disable non-essential capabilities.,,,,,,,,,,,,
CCI-000381,SRG-OS-000095-GPOS-00049,TBD - Assigned by DISA after STIG release,The operating system must be configured to disable non-essential capabilities.,,,,,,,,,,,,
CCI-000381,SRG-OS-000095-GPOS-00049,TBD - Assigned by DISA after STIG release,The operating system must be configured to disable non-essential capabilities.,,,,,,,,,,,,
CCI-000381,SRG-OS-000095-GPOS-00049,TBD - Assigned by DISA after STIG release,The operating system must be configured to disable non-essential capabilities.,,,,,,,,,,,,
CCI-000381,SRG-OS-000095-GPOS-00049,TBD - Assigned by DISA after STIG release,The operating system must be configured to disable non-essential capabilities.,,,,,,,,,,,,
CCI-000381,SRG-OS-000095-GPOS-00049,TBD - Assigned by DISA after STIG release,The operating system must be configured to disable non-essential capabilities.,,,,,,,,,,,,
CCI-000381,SRG-OS-000095-GPOS-00049,TBD - Assigned by DISA after STIG release,The operating system must be configured to disable non-essential capabilities.,,,,,,,,,,,,
CCI-000381,SRG-OS-000095-GPOS-00049,TBD - Assigned by DISA after STIG release,The operating system must be configured to disable non-essential capabilities.,,,,,,,,,,,,
CCI-000381,SRG-OS-000095-GPOS-00049,TBD - Assigned by DISA after STIG release,The operating system must be configured to disable non-essential capabilities.,,,,,,,,,,,,
CCI-000382,SRG-OS-000096-GPOS-00050,TBD - Assigned by DISA after STIG release,"The operating system must be configured to prohibit or restrict the use of functions, ports, protocols, and/or services, as defined in the PPSM CAL and vulnerability assessments.",,,,,,,,,,,,
CCI-000382,SRG-OS-000096-GPOS-00050,TBD - Assigned by DISA after STIG release,"The operating system must be configured to prohibit or restrict the use of functions, ports, protocols, and/or services, as defined in the PPSM CAL and vulnerability assessments.",,,,,,,,,,,,
CCI-000770,SRG-OS-000109-GPOS-00056,TBD - Assigned by DISA after STIG release,The operating system must require individuals to be authenticated with an individual authenticator prior to using a group authenticator.,,,,,,,,,,,,
CCI-000778,SRG-OS-000114-GPOS-00059,TBD - Assigned by DISA after STIG release,The operating system must uniquely identify peripherals before establishing a connection.,,,,,,,,,,,,
CCI-000795,SRG-OS-000118-GPOS-00060,TBD - Assigned by DISA after STIG release,"The operating system must disable account identifiers (individuals, groups, roles, and devices) after 35 days of inactivity.",,,,,,,,,,,,
CCI-002450,SRG-OS-000396-GPOS-00176,TBD - Assigned by DISA after STIG release,"The operating system must implement NSA-approved cryptography to protect classified information in accordance with applicable federal laws, Executive Orders, directives, policies, regulations, and standards.",,,,,,,,,,,,
CCI-002450,SRG-OS-000396-GPOS-00176,TBD - Assigned by DISA after STIG release,"The operating system must implement NSA-approved cryptography to protect classified information in accordance with applicable federal laws, Executive Orders, directives, policies, regulations, and standards.",,,,,,,,,,,,
CCI-000803,SRG-OS-000120-GPOS-00061,TBD - Assigned by DISA after STIG release,"The operating system must use mechanisms meeting the requirements of applicable federal laws, Executive orders, directives, policies, regulations, standards, and guidance for authentication to a cryptographic module.",,,,,,,,,,,,
CCI-000803,SRG-OS-000120-GPOS-00061,TBD - Assigned by DISA after STIG release,"The operating system must use mechanisms meeting the requirements of applicable federal laws, Executive orders, directives, policies, regulations, standards, and guidance for authentication to a cryptographic module.",,,,,,,,,,,,
CCI-000803,SRG-OS-000120-GPOS-00061,TBD - Assigned by DISA after STIG release,"The operating system must use mechanisms meeting the requirements of applicable federal laws, Executive orders, directives, policies, regulations, standards, and guidance for authentication to a cryptographic module.",,,,,,,,,,,,
CCI-000803,SRG-OS-000120-GPOS-00061,TBD - Assigned by DISA after STIG release,"The operating system must use mechanisms meeting the requirements of applicable federal laws, Executive orders, directives, policies, regulations, standards, and guidance for authentication to a cryptographic module.",,,,,,,,,,,,
CCI-000803,SRG-OS-000120-GPOS-00061,TBD - Assigned by DISA after STIG release,"The operating system must use mechanisms meeting the requirements of applicable federal laws, Executive orders, directives, policies, regulations, standards, and guidance for authentication to a cryptographic module.",,,,,,,,,,,,
CCI-002891,SRG-OS-000395-GPOS-00175,TBD - Assigned by DISA after STIG release,"The operating system must verify remote disconnection at the termination of nonlocal maintenance and diagnostic sessions, when used for nonlocal maintenance sessions.",,,,,,,,,,,,
CCI-003123,SRG-OS-000394-GPOS-00174,TBD - Assigned by DISA after STIG release,"The operating system must implement cryptographic mechanisms to protect the confidentiality of nonlocal maintenance and diagnostic communications, when used for nonlocal maintenance sessions.",,,,,,,,,,,,
CCI-002890,SRG-OS-000393-GPOS-00173,TBD - Assigned by DISA after STIG release,"The operating system must implement cryptographic mechanisms to protect the integrity of nonlocal maintenance and diagnostic communications, when used for nonlocal maintenance sessions.",,,,,,,,,,,,
CCI-001991,SRG-OS-000384-GPOS-00167,TBD - Assigned by DISA after STIG release,"The operating system, for PKI-based authentication, must implement a local cache of revocation data to support path discovery and validation in case of the inability to access revocation information via the network.",,,,,,,,,,,,
CCI-001876,SRG-OS-000122-GPOS-00063,TBD - Assigned by DISA after STIG release,The operating system must provide an audit reduction capability that supports on-demand reporting requirements.,,,,,,,,,,,,
CCI-002007,SRG-OS-000383-GPOS-00166,TBD - Assigned by DISA after STIG release,The operating system must prohibit the use of cached authenticators after one day.,,,,,,,,,,,,
CCI-001682,SRG-OS-000123-GPOS-00064,TBD - Assigned by DISA after STIG release,The information system must automatically remove or disable emergency accounts after the crisis is resolved or 72 hours.,,,,,,,,,,,,
CCI-001958,SRG-OS-000378-GPOS-00163,TBD - Assigned by DISA after STIG release,The operating system must authenticate peripherals before establishing a connection.,,,,,,,,,,,,
CCI-001958,SRG-OS-000378-GPOS-00163,TBD - Assigned by DISA after STIG release,The operating system must authenticate peripherals before establishing a connection.,,,,,,,,,,,,
CCI-001948,SRG-OS-000375-GPOS-00160,TBD - Assigned by DISA after STIG release,The operating system must implement multifactor authentication for remote access to privileged accounts in such a way that one of the factors is provided by a device separate from the system gaining access.,,,,,,,,,,,,
CCI-001948,SRG-OS-000375-GPOS-00160,TBD - Assigned by DISA after STIG release,The operating system must implement multifactor authentication for remote access to privileged accounts in such a way that one of the factors is provided by a device separate from the system gaining access.,,,,,,,,,,,,
CCI-000879,SRG-OS-000126-GPOS-00066,TBD - Assigned by DISA after STIG release,The operating system must terminate all sessions and network connections related to nonlocal maintenance when nonlocal maintenance is completed.,,,,,,,,,,,,
CCI-001082,SRG-OS-000132-GPOS-00067,TBD - Assigned by DISA after STIG release,The operating system must separate user functionality (including user interface services) from operating system management functionality.,,,,,,,,,,,,
CCI-001082,SRG-OS-000132-GPOS-00067,TBD - Assigned by DISA after STIG release,The operating system must separate user functionality (including user interface services) from operating system management functionality.,,,,,,,,,,,,
CCI-001082,SRG-OS-000132-GPOS-00067,TBD - Assigned by DISA after STIG release,The operating system must separate user functionality (including user interface services) from operating system management functionality.,,,,,,,,,,,,
CCI-001082,SRG-OS-000132-GPOS-00067,TBD - Assigned by DISA after STIG release,The operating system must separate user functionality (including user interface services) from operating system management functionality.,,,,,,,,,,,,
CCI-001082,SRG-OS-000132-GPOS-00067,TBD - Assigned by DISA after STIG release,The operating system must separate user functionality (including user interface services) from operating system management functionality.,,,,,,,,,,,,
CCI-001774,SRG-OS-000370-GPOS-00155,TBD - Assigned by DISA after STIG release,"The operating system must employ a deny-all, permit-by-exception policy to allow the execution of authorized software programs.",,,,,,,,,,,,
CCI-001774,SRG-OS-000370-GPOS-00155,TBD - Assigned by DISA after STIG release,"The operating system must employ a deny-all, permit-by-exception policy to allow the execution of authorized software programs.",,,,,,,,,,,,
CCI-001764,SRG-OS-000368-GPOS-00154,TBD - Assigned by DISA after STIG release,The operating system must prevent program execution in accordance with local policies regarding software program usage and restrictions and/or rules authorizing the terms and conditions of software program usage.,,,,,,,,,,,,
CCI-001764,SRG-OS-000368-GPOS-00154,TBD - Assigned by DISA after STIG release,The operating system must prevent program execution in accordance with local policies regarding software program usage and restrictions and/or rules authorizing the terms and conditions of software program usage.,,,,,,,,,,,,
CCI-001764,SRG-OS-000368-GPOS-00154,TBD - Assigned by DISA after STIG release,The operating system must prevent program execution in accordance with local policies regarding software program usage and restrictions and/or rules authorizing the terms and conditions of software program usage.,,,,,,,,,,,,
CCI-001764,SRG-OS-000368-GPOS-00154,TBD - Assigned by DISA after STIG release,The operating system must prevent program execution in accordance with local policies regarding software program usage and restrictions and/or rules authorizing the terms and conditions of software program usage.,,,,,,,,,,,,
CCI-001764,SRG-OS-000368-GPOS-00154,TBD - Assigned by DISA after STIG release,The operating system must prevent program execution in accordance with local policies regarding software program usage and restrictions and/or rules authorizing the terms and conditions of software program usage.,,,,,,,,,,,,
CCI-001764,SRG-OS-000368-GPOS-00154,TBD - Assigned by DISA after STIG release,The operating system must prevent program execution in accordance with local policies regarding software program usage and restrictions and/or rules authorizing the terms and conditions of software program usage.,,,,,,,,,,,,
CCI-001764,SRG-OS-000368-GPOS-00154,TBD - Assigned by DISA after STIG release,The operating system must prevent program execution in accordance with local policies regarding software program usage and restrictions and/or rules authorizing the terms and conditions of software program usage.,,,,,,,,,,,,
CCI-001764,SRG-OS-000368-GPOS-00154,TBD - Assigned by DISA after STIG release,The operating system must prevent program execution in accordance with local policies regarding software program usage and restrictions and/or rules authorizing the terms and conditions of software program usage.,,,,,,,,,,,,
CCI-001764,SRG-OS-000368-GPOS-00154,TBD - Assigned by DISA after STIG release,The operating system must prevent program execution in accordance with local policies regarding software program usage and restrictions and/or rules authorizing the terms and conditions of software program usage.,,,,,,,,,,,,
CCI-001764,SRG-OS-000368-GPOS-00154,TBD - Assigned by DISA after STIG release,The operating system must prevent program execution in accordance with local policies regarding software program usage and restrictions and/or rules authorizing the terms and conditions of software program usage.,,,,,,,,,,,,
CCI-001764,SRG-OS-000368-GPOS-00154,TBD - Assigned by DISA after STIG release,The operating system must prevent program execution in accordance with local policies regarding software program usage and restrictions and/or rules authorizing the terms and conditions of software program usage.,,,,,,,,,,,,
CCI-001764,SRG-OS-000368-GPOS-00154,TBD - Assigned by DISA after STIG release,The operating system must prevent program execution in accordance with local policies regarding software program usage and restrictions and/or rules authorizing the terms and conditions of software program usage.,,,,,,,,,,,,
CCI-001764,SRG-OS-000368-GPOS-00154,TBD - Assigned by DISA after STIG release,The operating system must prevent program execution in accordance with local policies regarding software program usage and restrictions and/or rules authorizing the terms and conditions of software program usage.,,,,,,,,,,,,
CCI-001764,SRG-OS-000368-GPOS-00154,TBD - Assigned by DISA after STIG release,The operating system must prevent program execution in accordance with local policies regarding software program usage and restrictions and/or rules authorizing the terms and conditions of software program usage.,,,,,,,,,,,,
CCI-001764,SRG-OS-000368-GPOS-00154,TBD - Assigned by DISA after STIG release,The operating system must prevent program execution in accordance with local policies regarding software program usage and restrictions and/or rules authorizing the terms and conditions of software program usage.,,,,,,,,,,,,
CCI-001764,SRG-OS-000368-GPOS-00154,TBD - Assigned by DISA after STIG release,The operating system must prevent program execution in accordance with local policies regarding software program usage and restrictions and/or rules authorizing the terms and conditions of software program usage.,,,,,,,,,,,,
CCI-001764,SRG-OS-000368-GPOS-00154,TBD - Assigned by DISA after STIG release,The operating system must prevent program execution in accordance with local policies regarding software program usage and restrictions and/or rules authorizing the terms and conditions of software program usage.,,,,,,,,,,,,
CCI-001764,SRG-OS-000368-GPOS-00154,TBD - Assigned by DISA after STIG release,The operating system must prevent program execution in accordance with local policies regarding software program usage and restrictions and/or rules authorizing the terms and conditions of software program usage.,,,,,,,,,,,,
CCI-001764,SRG-OS-000368-GPOS-00154,TBD - Assigned by DISA after STIG release,The operating system must prevent program execution in accordance with local policies regarding software program usage and restrictions and/or rules authorizing the terms and conditions of software program usage.,,,,,,,,,,,,
CCI-001764,SRG-OS-000368-GPOS-00154,TBD - Assigned by DISA after STIG release,The operating system must prevent program execution in accordance with local policies regarding software program usage and restrictions and/or rules authorizing the terms and conditions of software program usage.,,,,,,,,,,,,
CCI-001749,SRG-OS-000366-GPOS-00153,TBD - Assigned by DISA after STIG release,"The operating system must prevent the installation of patches, service packs, device drivers, or operating system components without verification they have been digitally signed using a certificate that is recognized and approved by the organization.",,,,,,,,,,,,
CCI-001749,SRG-OS-000366-GPOS-00153,TBD - Assigned by DISA after STIG release,"The operating system must prevent the installation of patches, service packs, device drivers, or operating system components without verification they have been digitally signed using a certificate that is recognized and approved by the organization.",,,,,,,,,,,,
CCI-001749,SRG-OS-000366-GPOS-00153,TBD - Assigned by DISA after STIG release,"The operating system must prevent the installation of patches, service packs, device drivers, or operating system components without verification they have been digitally signed using a certificate that is recognized and approved by the organization.",,,,,,,,,,,,
CCI-001749,SRG-OS-000366-GPOS-00153,TBD - Assigned by DISA after STIG release,"The operating system must prevent the installation of patches, service packs, device drivers, or operating system components without verification they have been digitally signed using a certificate that is recognized and approved by the organization.",,,,,,,,,,,,
CCI-001814,SRG-OS-000365-GPOS-00152,TBD - Assigned by DISA after STIG release,The operating system must audit the enforcement actions used to restrict access associated with changes to the system.,,,,,,,,,,,,
CCI-001095,SRG-OS-000142-GPOS-00071,TBD - Assigned by DISA after STIG release,"The operating system must manage excess capacity, bandwidth, or other redundancy to limit the effects of information flooding types of Denial of Service (DoS) attacks.",,,,,,,,,,,,
CCI-001133,SRG-OS-000163-GPOS-00072,TBD - Assigned by DISA after STIG release,"The operating system must terminate all network connections associated with a communications session at the end of the session, or as follows: for in-band management sessions (privileged sessions), the session must be terminated after 10 minutes of inactivity; and for user sessions (non-privileged session), the session must be terminated after 15 minutes of inactivity, except to fulfill documented and validated mission requirements.",,,,,,,,,,,,
CCI-001133,SRG-OS-000163-GPOS-00072,TBD - Assigned by DISA after STIG release,"The operating system must terminate all network connections associated with a communications session at the end of the session, or as follows: for in-band management sessions (privileged sessions), the session must be terminated after 10 minutes of inactivity; and for user sessions (non-privileged session), the session must be terminated after 15 minutes of inactivity, except to fulfill documented and validated mission requirements.",,,,,,,,,,,,
CCI-001199,SRG-OS-000185-GPOS-00079,TBD - Assigned by DISA after STIG release,The operating system must protect the confidentiality and integrity of all information at rest.,,,,,,,,,,,,
CCI-001233,SRG-OS-000191-GPOS-00080,TBD - Assigned by DISA after STIG release,"The operating system must employ automated mechanisms to determine the state of system components with regard to flaw remediation using the following frequency: continuously, where HBSS is used; 30 days, for any additional internal network scans not covered by HBSS; and annually, for external scans by Computer Network Defense Service Provider (CNDSP).",,,,,,,,,,,,
CCI-001233,SRG-OS-000191-GPOS-00080,TBD - Assigned by DISA after STIG release,"The operating system must employ automated mechanisms to determine the state of system components with regard to flaw remediation using the following frequency: continuously, where HBSS is used; 30 days, for any additional internal network scans not covered by HBSS; and annually, for external scans by Computer Network Defense Service Provider (CNDSP).",,,,,,,,,,,,
CCI-001233,SRG-OS-000191-GPOS-00080,TBD - Assigned by DISA after STIG release,"The operating system must employ automated mechanisms to determine the state of system components with regard to flaw remediation using the following frequency: continuously, where HBSS is used; 30 days, for any additional internal network scans not covered by HBSS; and annually, for external scans by Computer Network Defense Service Provider (CNDSP).",,,,,,,,,,,,
CCI-001233,SRG-OS-000191-GPOS-00080,TBD - Assigned by DISA after STIG release,"The operating system must employ automated mechanisms to determine the state of system components with regard to flaw remediation using the following frequency: continuously, where HBSS is used; 30 days, for any additional internal network scans not covered by HBSS; and annually, for external scans by Computer Network Defense Service Provider (CNDSP).",,,,,,,,,,,,
CCI-001233,SRG-OS-000191-GPOS-00080,TBD - Assigned by DISA after STIG release,"The operating system must employ automated mechanisms to determine the state of system components with regard to flaw remediation using the following frequency: continuously, where HBSS is used; 30 days, for any additional internal network scans not covered by HBSS; and annually, for external scans by Computer Network Defense Service Provider (CNDSP).",,,,,,,,,,,,
CCI-001384,SRG-OS-000228-GPOS-00088,TBD - Assigned by DISA after STIG release,Any publically accessible connection to the operating system must display the Standard Mandatory DoD Notice and Consent Banner before granting access to the system.,,,,,,,,,,,,
CCI-001384,SRG-OS-000228-GPOS-00088,TBD - Assigned by DISA after STIG release,Any publically accessible connection to the operating system must display the Standard Mandatory DoD Notice and Consent Banner before granting access to the system.,,,,,,,,,,,,
CCI-001403,SRG-OS-000239-GPOS-00089,TBD - Assigned by DISA after STIG release,The operating system must audit all account modifications.,,,,,,,,,,,,
CCI-001404,SRG-OS-000240-GPOS-00090,TBD - Assigned by DISA after STIG release,The operating system must audit all account disabling actions.,,,,,,,,,,,,
CCI-001404,SRG-OS-000240-GPOS-00090,TBD - Assigned by DISA after STIG release,The operating system must audit all account disabling actions.,,,,,,,,,,,,
CCI-001405,SRG-OS-000241-GPOS-00091,TBD - Assigned by DISA after STIG release,The operating system must audit all account removal actions.,,,,,,,,,,,,
CCI-001405,SRG-OS-000241-GPOS-00091,TBD - Assigned by DISA after STIG release,The operating system must audit all account removal actions.,,,,,,,,,,,,
CCI-001453,SRG-OS-000250-GPOS-00093,TBD - Assigned by DISA after STIG release,The operating system must implement cryptography to protect the integrity of remote access sessions.,,,,,,,,,,,,
CCI-001464,SRG-OS-000254-GPOS-00095,TBD - Assigned by DISA after STIG release,The operating system must initiate session audits at system start-up.,,,,,,,,,,,,
CCI-001464,SRG-OS-000254-GPOS-00095,TBD - Assigned by DISA after STIG release,The operating system must initiate session audits at system start-up.,,,,,,,,,,,,
CCI-001813,SRG-OS-000364-GPOS-00151,TBD - Assigned by DISA after STIG release,The operating system must enforce access restrictions.,,,,,,,,,,,,
CCI-001813,SRG-OS-000364-GPOS-00151,TBD - Assigned by DISA after STIG release,The operating system must enforce access restrictions.,,,,,,,,,,,,
CCI-001487,SRG-OS-000255-GPOS-00096,TBD - Assigned by DISA after STIG release,The operating system must produce audit records containing information to establish the identity of any individual or process associated with the event.,,,,,,,,,,,,
CCI-001487,SRG-OS-000255-GPOS-00096,TBD - Assigned by DISA after STIG release,The operating system must produce audit records containing information to establish the identity of any individual or process associated with the event.,,,,,,,,,,,,
CCI-001744,SRG-OS-000363-GPOS-00150,TBD - Assigned by DISA after STIG release,The operating system must notify designated personnel if baseline configurations are changed in an unauthorized manner.,,,,,,,,,,,,
CCI-001619,SRG-OS-000266-GPOS-00101,TBD - Assigned by DISA after STIG release,The operating system must enforce password complexity by requiring that at least one special character be used.,,,,,,,,,,,,
CCI-001683,SRG-OS-000274-GPOS-00104,TBD - Assigned by DISA after STIG release,The operating system must notify system administrators and ISSOs when accounts are created.,,,,,,,,,,,,
CCI-001684,SRG-OS-000275-GPOS-00105,TBD - Assigned by DISA after STIG release,The operating system must notify system administrators and ISSOs when accounts are modified.,,,,,,,,,,,,
CCI-001685,SRG-OS-000276-GPOS-00106,TBD - Assigned by DISA after STIG release,The operating system must notify system administrators and ISSOs when accounts are disabled. ,,,,,,,,,,,,
CCI-001686,SRG-OS-000277-GPOS-00107,TBD - Assigned by DISA after STIG release,The operating system must notify system administrators and ISSOs when accounts are removed.,,,,,,,,,,,,
CCI-002361,SRG-OS-000279-GPOS-00109,TBD - Assigned by DISA after STIG release,The operating system must automatically terminate a user session after inactivity time-outs have expired or at shutdown.,,,,,,,,,,,,
CCI-002361,SRG-OS-000279-GPOS-00109,TBD - Assigned by DISA after STIG release,The operating system must automatically terminate a user session after inactivity time-outs have expired or at shutdown.,,,,,,,,,,,,
CCI-002322,SRG-OS-000298-GPOS-00116,TBD - Assigned by DISA after STIG release,The operating system must provide the capability to immediately disconnect or disable remote access to the operating system.,,,,,,,,,,,,
CCI-002130,SRG-OS-000303-GPOS-00120,TBD - Assigned by DISA after STIG release,The operating system must audit all account enabling actions.,,,,,,,,,,,,
CCI-002130,SRG-OS-000303-GPOS-00120,TBD - Assigned by DISA after STIG release,The operating system must audit all account enabling actions.,,,,,,,,,,,,
CCI-002235,SRG-OS-000324-GPOS-00125,TBD - Assigned by DISA after STIG release,"The operating system must prevent non-privileged users from executing privileged functions to include disabling, circumventing, or altering implemented security safeguards/countermeasures.",,,,,,,,,,,,
CCI-002235,SRG-OS-000324-GPOS-00125,TBD - Assigned by DISA after STIG release,"The operating system must prevent non-privileged users from executing privileged functions to include disabling, circumventing, or altering implemented security safeguards/countermeasures.",,,,,,,,,,,,
CCI-002235,SRG-OS-000324-GPOS-00125,TBD - Assigned by DISA after STIG release,"The operating system must prevent non-privileged users from executing privileged functions to include disabling, circumventing, or altering implemented security safeguards/countermeasures.",,,,,,,,,,,,
CCI-002235,SRG-OS-000324-GPOS-00125,TBD - Assigned by DISA after STIG release,"The operating system must prevent non-privileged users from executing privileged functions to include disabling, circumventing, or altering implemented security safeguards/countermeasures.",,,,,,,,,,,,
CCI-002235,SRG-OS-000324-GPOS-00125,TBD - Assigned by DISA after STIG release,"The operating system must prevent non-privileged users from executing privileged functions to include disabling, circumventing, or altering implemented security safeguards/countermeasures.",,,,,,,,,,,,
CCI-002235,SRG-OS-000324-GPOS-00125,TBD - Assigned by DISA after STIG release,"The operating system must prevent non-privileged users from executing privileged functions to include disabling, circumventing, or altering implemented security safeguards/countermeasures.",,,,,,,,,,,,
CCI-002235,SRG-OS-000324-GPOS-00125,TBD - Assigned by DISA after STIG release,"The operating system must prevent non-privileged users from executing privileged functions to include disabling, circumventing, or altering implemented security safeguards/countermeasures.",,,,,,,,,,,,
CCI-002235,SRG-OS-000324-GPOS-00125,TBD - Assigned by DISA after STIG release,"The operating system must prevent non-privileged users from executing privileged functions to include disabling, circumventing, or altering implemented security safeguards/countermeasures.",,,,,,,,,,,,
CCI-002234,SRG-OS-000327-GPOS-00127,TBD - Assigned by DISA after STIG release,The operating system must audit the execution of privileged functions.,,,,,,,,,,,,
CCI-002238,SRG-OS-000329-GPOS-00128,TBD - Assigned by DISA after STIG release,The operating system must automatically lock an account until the locked account is released by an administrator when three unsuccessful logon attempts in 15 minutes occur.,,,,,,,,,,,,
CCI-002238,SRG-OS-000329-GPOS-00128,TBD - Assigned by DISA after STIG release,The operating system must automatically lock an account until the locked account is released by an administrator when three unsuccessful logon attempts in 15 minutes occur.,,,,,,,,,,,,
CCI-002238,SRG-OS-000329-GPOS-00128,TBD - Assigned by DISA after STIG release,The operating system must automatically lock an account until the locked account is released by an administrator when three unsuccessful logon attempts in 15 minutes occur.,,,,,,,,,,,,
CCI-001851,SRG-OS-000342-GPOS-00133,TBD - Assigned by DISA after STIG release,The operating system must off-load audit records onto a different system or media from the system being audited.,,,,,,,,,,,,
CCI-001851,SRG-OS-000342-GPOS-00133,TBD - Assigned by DISA after STIG release,The operating system must off-load audit records onto a different system or media from the system being audited.,,,,,,,,,,,,
